,d,t
0,16,21
1,11,11
2,1,10
3,17,17
4,17,21
5,17,10
6,4,21
7,18,6
8,21,21
9,21,23
10,21,21
11,10,10
12,4,4
13,21,2
14,7,7
15,15,14
16,5,21
17,14,14
18,10,10
19,22,7
20,12,20
21,3,22
22,10,10
23,4,7
24,6,17
25,15,15
26,17,2
27,17,21
28,13,10
29,21,10
30,17,15
31,17,14
32,10,4
33,14,14
34,12,23
35,2,10
36,10,10
37,10,21
38,0,20
39,10,10
40,10,2
41,4,15
42,14,21
43,17,21
44,14,7
45,7,13
46,6,21
47,7,7
48,21,21
49,10,10
50,22,22
51,7,10
52,10,21
53,6,7
54,1,1
55,11,11
56,13,13
57,10,10
58,8,21
59,10,10
60,8,3
61,14,14
62,21,21
63,13,13
64,16,7
65,14,14
66,21,21
67,7,7
68,22,22
69,7,7
70,4,4
71,15,12
72,1,1
73,7,7
74,15,15
75,10,10
76,7,7
77,10,10
78,16,16
79,21,21
80,8,8
81,14,10
82,16,16
83,22,8
84,23,16
85,8,8
86,1,12
87,7,9
88,1,1
89,14,14
90,11,7
91,6,21
92,10,21
93,11,11
94,21,16
95,14,14
96,17,7
97,14,21
98,6,10
99,22,7
100,18,18
101,23,22
102,22,23
103,15,15
104,17,2
105,22,7
106,4,10
107,7,7
108,23,23
109,23,23
110,21,21
111,22,22
112,21,21
113,19,22
114,19,21
115,15,2
116,3,7
117,19,22
118,1,21
119,14,7
120,17,10
121,15,23
122,1,21
123,22,22
124,16,10
125,16,21
126,14,14
127,6,10
128,22,10
129,6,11
130,7,7
131,13,21
132,16,21
133,13,21
134,21,21
135,8,8
136,23,9
137,18,7
138,17,17
139,4,6
140,7,22
141,21,17
142,17,22
143,10,10
144,10,9
145,23,23
146,7,7
147,7,9
148,14,14
149,4,22
150,4,14
151,6,2
152,10,10
153,15,0
154,17,15
155,10,21
156,20,20
157,22,21
158,2,10
159,12,22
160,22,21
161,23,21
162,7,7
163,7,22
164,7,7
165,10,10
166,10,10
167,21,21
168,10,10
169,3,10
170,10,21
171,6,10
172,2,13
173,16,21
174,16,16
175,7,21
176,7,7
177,22,12
178,10,21
179,17,17
180,13,13
181,10,10
182,10,21
183,21,10
184,15,15
185,12,11
186,11,17
187,21,2
188,7,21
189,17,15
190,23,21
191,10,10
192,8,2
193,16,18
194,13,9
195,14,13
196,9,10
197,18,7
198,21,2
199,21,21
200,17,10
201,23,23
202,14,9
203,10,10
204,14,11
205,16,18
206,17,7
207,10,10
208,10,21
209,2,9
210,10,10
211,22,2
212,10,10
213,10,9
214,5,7
215,2,21
216,21,21
217,10,2
218,10,10
219,18,2
220,14,14
221,10,10
222,10,7
223,23,21
224,7,7
225,12,1
226,21,9
227,12,17
228,12,12
229,10,21
230,8,8
231,18,7
232,14,14
233,8,13
234,17,15
235,14,15
236,15,15
237,7,9
238,9,15
239,6,6
240,4,4
241,10,7
242,10,10
243,17,10
244,21,22
245,1,1
246,12,12
247,15,21
248,14,14
249,12,21
250,7,7
251,10,10
252,10,21
253,7,21
254,10,10
255,6,6
256,10,10
257,7,7
258,21,21
259,6,10
260,11,1
261,21,21
262,7,7
263,11,21
264,6,6
265,10,10
266,6,7
267,6,6
268,10,23
269,7,7
270,6,6
271,22,21
272,7,22
273,10,10
274,6,7
275,21,21
276,12,17
277,4,21
278,22,7
279,10,10
280,22,7
281,21,10
282,21,21
283,4,21
284,5,7
285,16,16
286,4,21
287,8,2
288,14,14
289,14,14
290,9,21
291,7,7
292,7,7
293,1,1
294,6,9
295,7,7
296,21,7
297,1,23
298,14,14
299,11,11
300,7,22
301,21,16
302,16,21
303,16,23
304,1,1
305,17,2
306,7,7
307,11,22
308,4,4
309,11,13
310,7,2
311,11,11
312,14,14
313,2,9
314,14,2
315,21,21
316,2,21
317,2,2
318,10,10
319,8,22
320,8,2
321,11,23
322,22,22
323,8,23
324,10,10
325,23,6
326,13,15
327,7,7
328,6,11
329,6,11
330,9,2
331,10,10
332,8,8
333,4,15
334,12,12
335,20,23
336,12,12
337,21,3
338,21,17
339,14,23
340,9,7
341,22,21
342,10,7
343,10,10
344,20,7
345,17,17
346,17,1
347,18,15
348,10,10
349,23,21
350,21,21
351,20,8
352,15,0
353,16,7
354,12,21
355,21,21
356,21,21
357,7,7
358,22,10
359,10,10
360,14,2
361,12,12
362,9,23
363,5,23
364,11,1
365,13,2
366,10,10
367,10,9
368,12,2
369,14,17
370,4,21
371,20,1
372,3,14
373,14,3
374,1,21
375,21,21
376,6,6
377,7,21
378,14,21
379,12,12
380,14,21
381,6,6
382,7,22
383,10,10
384,14,14
385,10,6
386,9,9
387,4,2
388,12,10
389,20,9
390,7,7
391,20,7
392,20,20
393,21,9
394,21,10
395,12,20
396,21,9
397,16,22
398,23,4
399,16,9
400,16,16
401,22,7
402,17,15
403,4,9
404,15,12
405,17,17
406,1,23
407,7,21
408,3,2
409,10,9
410,14,2
411,5,21
412,3,7
413,21,21
414,7,7
415,3,23
416,7,7
417,7,23
418,8,7
419,23,3
420,8,8
421,23,23
422,14,23
423,12,12
424,16,16
425,17,3
426,16,16
427,22,22
428,1,1
429,16,16
430,22,22
431,1,1
432,22,16
433,15,12
434,6,6
435,21,2
436,13,10
437,15,15
438,6,21
439,13,13
440,23,7
441,23,23
442,2,23
443,23,22
444,23,10
445,23,6
446,7,7
447,21,22
448,7,7
449,17,17
450,6,6
451,17,22
452,10,7
453,11,3
454,7,2
455,6,21
456,6,22
457,2,9
458,14,14
459,10,2
460,21,17
461,11,23
462,16,21
463,22,8
464,22,23
465,8,8
466,23,22
467,22,21
468,16,23
469,18,8
470,6,22
471,22,7
472,14,14
473,9,21
474,10,21
475,16,15
476,20,20
477,6,10
478,21,21
479,13,9
480,1,2
481,10,21
482,8,7
483,23,2
484,16,21
485,23,14
486,20,20
487,1,21
488,22,3
489,2,2
490,22,10
491,5,7
492,2,6
493,5,3
494,10,10
495,15,15
496,7,7
497,11,7
498,7,7
499,7,7
500,7,9
501,6,6
502,21,10
503,20,20
504,2,7
505,10,10
506,6,6
507,14,10
508,18,7
509,21,10
510,10,7
511,10,10
512,10,21
513,13,21
514,2,6
515,9,13
516,11,23
517,21,21
518,21,21
519,16,16
520,7,7
521,6,6
522,14,14
523,11,10
524,7,21
525,14,14
526,4,21
527,1,1
528,22,10
529,4,21
530,4,4
531,14,14
532,11,11
533,14,21
534,18,16
535,11,1
536,16,2
537,7,7
538,7,7
539,7,7
540,7,7
541,7,7
542,12,12
543,7,7
544,22,7
545,10,10
546,7,4
547,10,7
548,1,21
549,13,13
550,10,10
551,21,21
552,14,14
553,23,1
554,9,3
555,12,2
556,10,7
557,18,2
558,4,21
559,3,9
560,21,21
561,4,2
562,7,7
563,4,10
564,10,10
565,12,11
566,21,21
567,15,15
568,3,21
569,21,21
570,20,2
571,17,21
572,16,16
573,10,10
574,21,22
575,2,21
576,15,22
577,6,2
578,21,9
579,15,15
580,11,21
581,13,12
582,13,10
583,6,10
584,13,2
585,20,18
586,10,10
587,8,8
588,10,10
589,12,6
590,22,21
591,21,21
592,22,8
593,6,21
594,17,17
595,13,13
596,14,21
597,17,21
598,17,0
599,20,21
600,7,7
601,12,4
602,10,21
603,20,7
604,17,14
605,6,6
606,7,21
607,20,21
608,21,9
609,6,21
610,11,1
611,3,21
612,13,7
613,6,6
614,7,7
615,13,23
616,2,2
617,13,13
618,20,22
619,12,22
620,7,7
621,22,22
622,10,10
623,7,10
624,7,7
625,1,21
626,15,14
627,10,10
628,22,22
629,7,7
630,15,15
631,21,21
632,9,2
633,2,2
634,21,2
635,16,16
636,15,15
637,19,16
638,19,21
639,12,21
640,15,15
641,14,2
642,16,16
643,15,14
644,2,2
645,10,10
646,6,10
647,10,22
648,4,4
649,10,21
650,11,12
651,11,11
652,5,21
653,2,14
654,21,21
655,14,14
656,4,7
657,21,21
658,15,15
659,22,22
660,11,11
661,7,7
662,7,7
663,5,7
664,7,7
665,20,20
666,7,7
667,10,10
668,10,23
669,7,13
670,11,1
671,6,7
672,14,14
673,12,7
674,11,17
675,9,7
676,22,10
677,2,10
678,21,17
679,11,21
680,13,10
681,15,21
682,17,17
683,21,13
684,11,23
685,11,11
686,21,10
687,17,7
688,9,9
689,8,10
690,7,9
691,16,21
692,21,2
693,2,2
694,2,10
695,5,7
696,2,10
697,10,10
698,21,21
699,16,16
700,7,10
701,9,21
702,7,7
703,20,7
704,22,21
705,17,7
706,22,21
707,7,22
708,17,15
709,14,21
710,10,10
711,6,23
712,10,7
713,3,22
714,21,10
715,22,22
716,12,12
717,22,7
718,20,22
719,10,10
720,14,14
721,10,14
722,10,7
723,14,14
724,14,7
725,7,7
726,13,13
727,7,1
728,6,7
729,21,21
730,10,21
731,7,7
732,10,10
733,7,21
734,14,7
735,8,21
736,10,10
737,14,2
738,10,21
739,5,21
740,4,6
741,20,22
742,7,7
743,7,7
744,10,21
745,3,10
746,7,7
747,6,6
748,10,10
749,11,11
750,8,21
751,22,23
752,21,12
753,22,7
754,16,9
755,2,2
756,22,23
757,21,21
758,23,8
759,23,23
760,23,17
761,22,2
762,14,14
763,23,2
764,17,14
765,7,23
766,10,10
767,10,21
768,7,7
769,10,20
770,15,2
771,1,1
772,3,3
773,3,1
774,3,3
775,9,7
776,15,22
777,16,16
778,22,22
779,12,21
780,17,1
781,18,6
782,21,21
783,14,9
784,10,10
785,10,10
786,7,7
787,1,1
788,10,7
789,3,10
790,11,7
791,18,21
792,7,7
793,13,21
794,11,11
795,2,14
796,18,15
797,21,10
798,7,7
799,6,6
800,7,7
801,9,9
802,7,7
803,1,15
804,11,11
805,7,15
806,1,15
807,7,7
808,7,7
809,4,12
810,7,21
811,14,14
812,7,7
813,1,11
814,3,15
815,1,1
816,11,11
817,11,15
818,7,22
819,17,15
820,22,21
821,3,15
822,10,14
823,8,8
824,7,10
825,14,14
826,14,10
827,22,3
828,21,10
829,8,14
830,15,15
831,20,18
832,22,22
833,15,7
834,11,11
835,6,6
836,7,7
837,22,22
838,0,6
839,21,14
840,11,11
841,20,20
842,6,21
843,15,7
844,12,12
845,0,12
846,14,14
847,17,21
848,21,2
849,7,7
850,22,21
851,5,6
852,18,8
853,7,23
854,13,7
855,8,21
856,6,6
857,13,13
858,23,23
859,10,10
860,7,21
861,22,22
862,21,21
863,0,11
864,18,10
865,21,10
866,10,10
867,23,7
868,10,10
869,22,7
870,21,21
871,14,10
872,16,21
873,15,13
874,1,1
875,11,10
876,17,21
877,11,1
878,14,10
879,21,21
880,17,17
881,10,6
882,2,21
883,17,9
884,5,7
885,2,2
886,15,15
887,15,17
888,7,7
889,7,7
890,1,7
891,20,20
892,14,7
893,16,10
894,13,13
895,10,10
896,3,7
897,10,10
898,16,21
899,8,8
900,21,7
901,17,21
902,1,12
903,4,22
904,13,13
905,6,10
906,21,7
907,13,17
908,14,21
909,20,20
910,21,17
911,10,10
912,10,10
913,10,10
914,14,7
915,2,2
916,15,18
917,2,2
918,14,23
919,8,8
920,12,12
921,21,21
922,7,7
923,6,4
924,7,21
925,14,7
926,21,21
927,7,9
928,9,7
929,6,6
930,6,6
931,6,6
932,7,7
933,23,23
934,14,10
935,9,7
936,4,10
937,10,2
938,21,2
939,17,21
940,17,22
941,17,12
942,11,2
943,10,9
944,2,21
945,10,10
946,21,21
947,22,21
948,7,7
949,7,7
950,21,7
951,10,21
952,6,7
953,10,10
954,9,21
955,10,10
956,7,21
957,7,21
958,14,14
959,10,21
960,10,7
961,4,4
962,10,10
963,7,7
964,10,7
965,8,10
966,11,23
967,21,21
968,11,11
969,13,13
970,23,7
971,14,14
972,10,21
973,16,7
974,10,21
975,21,21
976,18,7
977,16,16
978,20,20
979,17,7
980,10,10
981,17,10
982,21,21
983,18,7
984,10,10
985,14,14
986,13,13
987,15,10
988,23,2
989,21,21
990,9,10
991,23,23
992,17,17
993,16,10
994,17,10
995,10,10
996,7,7
997,10,23
998,21,21
999,7,7
1000,13,21
1001,9,21
1002,17,3
1003,7,7
1004,11,11
1005,7,7
1006,7,9
1007,7,7
1008,8,8
1009,7,7
1010,7,10
1011,7,7
1012,11,10
1013,6,6
1014,7,7
1015,6,6
1016,7,7
1017,14,14
1018,14,10
1019,12,22
1020,14,10
1021,14,10
1022,8,7
1023,22,7
1024,7,7
1025,4,10
1026,7,7
1027,5,2
1028,23,21
1029,21,16
1030,21,23
1031,7,21
1032,5,7
1033,14,22
1034,8,7
1035,10,10
1036,10,7
1037,10,10
1038,10,7
1039,13,13
1040,21,21
1041,15,15
1042,15,1
1043,15,15
1044,21,21
1045,16,12
1046,2,11
1047,20,20
1048,10,21
1049,14,14
1050,20,20
1051,18,18
1052,21,21
1053,13,2
1054,14,14
1055,10,10
1056,15,15
1057,1,21
1058,10,2
1059,10,10
1060,12,16
1061,4,21
1062,23,1
1063,14,21
1064,0,2
1065,6,6
1066,4,23
1067,21,22
1068,14,14
1069,21,21
1070,17,9
1071,15,9
1072,15,10
1073,7,7
1074,4,4
1075,11,7
1076,14,14
1077,10,10
1078,16,16
1079,10,10
1080,0,2
1081,7,7
1082,10,7
1083,21,7
1084,11,1
1085,7,7
1086,21,7
1087,21,7
1088,7,7
1089,21,10
1090,22,7
1091,21,21
1092,12,12
1093,7,7
1094,22,10
1095,10,21
1096,7,7
1097,2,2
1098,21,1
1099,9,2
1100,1,1
1101,7,10
1102,11,11
1103,10,10
1104,14,21
1105,6,6
1106,13,21
1107,22,7
1108,23,14
1109,13,13
1110,2,12
1111,16,16
1112,10,10
1113,7,7
1114,14,1
1115,15,22
1116,15,11
1117,10,21
1118,22,7
1119,11,11
1120,17,6
1121,10,10
1122,6,4
1123,18,8
1124,21,21
1125,22,21
1126,21,19
1127,19,21
1128,21,21
1129,10,10
1130,23,6
1131,14,22
1132,1,7
1133,6,6
1134,22,7
1135,22,10
1136,14,21
1137,9,21
1138,7,21
1139,22,7
1140,7,7
1141,20,7
1142,20,7
1143,20,20
1144,14,21
1145,14,14
1146,7,22
1147,1,11
1148,1,1
1149,7,10
1150,11,5
1151,7,22
1152,7,20
1153,7,7
1154,8,12
1155,1,7
1156,20,20
1157,7,7
1158,7,21
1159,21,21
1160,20,8
1161,11,5
1162,14,23
1163,20,5
1164,10,10
1165,20,8
1166,22,7
1167,7,7
1168,12,12
1169,16,20
1170,23,23
1171,7,21
1172,1,11
1173,20,8
1174,6,6
1175,23,5
1176,7,7
1177,7,7
1178,7,7
1179,23,23
1180,21,7
1181,7,7
1182,9,21
1183,17,0
1184,21,21
1185,14,14
1186,3,22
1187,21,10
1188,22,16
1189,14,23
1190,3,22
1191,9,2
1192,10,10
1193,11,23
1194,13,2
1195,14,10
1196,10,10
1197,17,21
1198,10,21
1199,22,10
1200,21,23
1201,11,21
1202,16,21
1203,21,21
1204,21,21
1205,9,9
1206,4,21
1207,1,11
1208,4,4
1209,21,7
1210,22,21
1211,11,1
1212,3,3
1213,10,10
1214,21,7
1215,5,22
1216,21,21
1217,3,3
1218,3,21
1219,23,10
1220,17,21
1221,14,14
1222,14,23
1223,6,10
1224,10,10
1225,10,11
1226,8,10
1227,8,8
1228,11,11
1229,15,3
1230,14,14
1231,21,21
1232,7,7
1233,7,21
1234,12,12
1235,4,21
1236,21,2
1237,8,8
1238,7,7
1239,1,1
1240,1,11
1241,7,7
1242,15,23
1243,5,3
1244,18,12
1245,21,21
1246,6,10
1247,21,23
1248,3,23
1249,3,3
1250,21,21
1251,7,22
1252,21,6
1253,10,7
1254,11,1
1255,0,17
1256,4,7
1257,10,10
1258,7,21
1259,22,6
1260,14,14
1261,14,14
1262,23,16
1263,15,15
1264,15,14
1265,22,21
1266,15,22
1267,17,21
1268,7,7
1269,14,23
1270,15,17
1271,17,15
1272,17,5
1273,17,17
1274,2,21
1275,10,10
1276,6,1
1277,15,22
1278,1,21
1279,7,7
1280,7,7
1281,7,7
1282,10,10
1283,9,9
1284,7,7
1285,1,1
1286,11,1
1287,15,15
1288,18,18
1289,22,22
1290,16,16
1291,20,20
1292,21,21
1293,16,14
1294,6,10
1295,7,23
1296,23,11
1297,22,22
1298,21,21
1299,23,23
1300,1,23
1301,6,21
1302,11,17
1303,13,13
1304,13,13
1305,7,11
1306,4,14
1307,22,21
1308,23,14
1309,3,2
1310,14,14
1311,7,7
1312,21,21
1313,21,10
1314,17,7
1315,10,10
1316,17,2
1317,7,7
1318,21,7
1319,21,7
1320,11,21
1321,10,10
1322,4,9
1323,22,7
1324,16,22
1325,23,9
1326,16,16
1327,23,2
1328,21,21
1329,18,15
1330,22,22
1331,10,10
1332,2,21
1333,14,10
1334,11,10
1335,10,10
1336,22,22
1337,20,18
1338,7,7
1339,7,7
1340,4,10
1341,8,8
1342,22,10
1343,21,21
1344,7,7
1345,12,3
1346,20,21
1347,20,7
1348,22,22
1349,22,8
1350,22,8
1351,10,10
1352,4,4
1353,14,9
1354,10,13
1355,8,15
1356,13,13
1357,2,7
1358,2,2
1359,10,10
1360,2,9
1361,2,21
1362,5,16
1363,11,13
1364,22,9
1365,10,21
1366,1,21
1367,21,21
1368,16,8
1369,22,22
1370,22,3
1371,18,7
1372,18,15
1373,21,21
1374,18,15
1375,8,8
1376,10,10
1377,16,7
1378,4,15
1379,4,13
1380,17,21
1381,10,10
1382,7,10
1383,10,7
1384,10,10
1385,11,23
1386,10,9
1387,5,1
1388,20,7
1389,7,16
1390,21,10
1391,10,10
1392,10,10
1393,10,10
1394,17,21
1395,17,2
1396,15,15
1397,4,1
1398,7,7
1399,10,10
1400,21,21
1401,7,21
1402,6,6
1403,21,21
1404,15,15
1405,0,12
1406,21,2
1407,4,14
1408,0,21
1409,22,21
1410,4,4
1411,14,14
1412,23,23
1413,4,9
1414,9,14
1415,11,23
1416,21,7
1417,14,10
1418,23,23
1419,18,3
1420,6,6
1421,1,1
1422,12,21
1423,10,10
1424,10,7
1425,21,9
1426,21,23
1427,3,3
1428,16,21
1429,13,13
1430,2,8
1431,0,6
1432,17,11
1433,14,14
1434,10,10
1435,17,21
1436,10,14
1437,17,17
1438,10,10
1439,17,0
1440,9,7
1441,3,14
1442,10,10
1443,20,20
1444,10,22
1445,10,10
1446,9,10
1447,2,17
1448,11,7
1449,22,22
1450,7,7
1451,7,7
1452,7,7
1453,6,6
1454,7,7
1455,7,8
1456,22,22
1457,7,7
1458,7,7
1459,7,7
1460,6,6
1461,8,8
1462,11,7
1463,11,7
1464,14,14
1465,7,10
1466,3,3
1467,7,7
1468,11,11
1469,6,6
1470,21,9
1471,14,14
1472,4,4
1473,1,1
1474,7,22
1475,12,12
1476,6,6
1477,6,7
1478,3,2
1479,7,7
1480,4,4
1481,6,2
1482,14,10
1483,9,2
1484,9,14
1485,13,13
1486,9,21
1487,7,7
1488,18,21
1489,8,8
1490,14,15
1491,23,21
1492,23,9
1493,9,2
1494,10,14
1495,23,1
1496,22,16
1497,16,10
1498,15,15
1499,22,2
1500,14,4
1501,8,8
1502,7,21
1503,6,6
1504,2,21
1505,17,14
1506,6,6
1507,23,1
1508,10,10
1509,2,10
1510,17,21
1511,15,10
1512,2,21
1513,2,2
1514,15,23
1515,14,14
1516,15,15
1517,15,22
1518,6,10
1519,14,7
1520,14,14
1521,15,15
1522,2,2
1523,22,22
1524,22,21
1525,22,22
1526,18,18
1527,17,8
1528,21,21
1529,3,22
1530,21,21
1531,6,6
1532,21,21
1533,22,22
1534,10,10
1535,21,7
1536,22,22
1537,3,2
1538,1,21
1539,7,7
1540,1,1
1541,23,16
1542,11,1
1543,7,7
1544,7,7
1545,7,7
1546,17,21
1547,18,18
1548,21,11
1549,7,7
1550,7,10
1551,10,10
1552,7,7
1553,7,7
1554,20,7
1555,11,21
1556,10,10
1557,2,2
1558,10,10
1559,15,23
1560,21,7
1561,22,22
1562,21,21
1563,19,22
1564,3,21
1565,2,2
1566,17,21
1567,13,13
1568,13,21
1569,4,4
1570,11,2
1571,7,10
1572,21,22
1573,22,22
1574,20,5
1575,16,16
1576,16,17
1577,22,14
1578,22,3
1579,10,10
1580,18,2
1581,14,14
1582,12,21
1583,10,10
1584,9,11
1585,10,10
1586,17,7
1587,7,7
1588,14,14
1589,7,7
1590,1,1
1591,7,7
1592,3,14
1593,11,3
1594,1,1
1595,14,14
1596,11,7
1597,7,7
1598,1,16
1599,20,7
1600,11,11
1601,10,10
1602,15,15
1603,12,12
1604,7,7
1605,14,14
1606,0,8
1607,21,21
1608,10,14
1609,15,0
1610,7,7
1611,9,21
1612,21,23
1613,2,21
1614,11,7
1615,1,7
1616,7,7
1617,6,6
1618,7,7
1619,21,21
1620,23,15
1621,15,15
1622,21,21
1623,22,22
1624,22,22
1625,1,1
1626,10,21
1627,7,10
1628,12,7
1629,8,8
1630,6,6
1631,4,9
1632,5,15
1633,7,21
1634,11,1
1635,10,10
1636,14,21
1637,7,7
1638,11,12
1639,11,11
1640,17,12
1641,20,10
1642,15,15
1643,14,10
1644,15,22
1645,6,6
1646,6,21
1647,7,7
1648,11,11
1649,7,7
1650,7,7
1651,10,10
1652,13,14
1653,13,10
1654,21,21
1655,10,10
1656,21,2
1657,23,9
1658,17,17
1659,6,6
1660,22,22
1661,11,10
1662,23,23
1663,16,7
1664,10,21
1665,1,12
1666,14,14
1667,14,10
1668,22,6
1669,15,15
1670,20,8
1671,21,7
1672,22,10
1673,7,10
1674,3,3
1675,7,7
1676,15,7
1677,17,21
1678,15,21
1679,14,10
1680,3,23
1681,21,14
1682,22,3
1683,22,11
1684,10,10
1685,17,8
1686,6,6
1687,4,9
1688,10,10
1689,4,21
1690,10,10
1691,21,21
1692,15,7
1693,12,21
1694,15,12
1695,14,14
1696,21,21
1697,18,21
1698,1,1
1699,7,10
1700,7,9
1701,11,9
1702,8,17
1703,7,9
1704,11,23
1705,12,14
1706,7,7
1707,17,21
1708,7,7
1709,15,7
1710,9,9
1711,5,21
1712,5,5
1713,5,3
1714,13,13
1715,17,14
1716,17,17
1717,12,12
1718,17,17
1719,7,7
1720,7,9
1721,7,7
1722,11,11
1723,10,10
1724,21,7
1725,7,7
1726,7,11
1727,21,7
1728,4,4
1729,14,14
1730,6,10
1731,14,14
1732,7,7
1733,14,14
1734,12,1
1735,23,3
1736,9,21
1737,9,9
1738,7,7
1739,23,11
1740,20,8
1741,22,21
1742,17,17
1743,21,21
1744,10,10
1745,22,10
1746,12,21
1747,14,10
1748,7,11
1749,12,12
1750,11,11
1751,10,13
1752,7,10
1753,2,13
1754,17,10
1755,13,21
1756,9,4
1757,7,2
1758,3,11
1759,9,4
1760,14,14
1761,16,21
1762,7,21
1763,10,21
1764,4,4
1765,7,10
1766,10,21
1767,10,9
1768,7,7
1769,20,7
1770,11,7
1771,20,7
1772,7,4
1773,7,7
1774,7,7
1775,6,6
1776,10,21
1777,14,23
1778,2,10
1779,15,15
1780,17,2
1781,10,9
1782,1,22
1783,16,16
1784,2,2
1785,15,23
1786,2,2
1787,5,5
1788,17,11
1789,13,13
1790,18,10
1791,11,7
1792,7,7
1793,10,10
1794,7,7
1795,8,20
1796,7,7
1797,7,7
1798,14,4
1799,7,7
1800,10,10
1801,10,10
1802,7,9
1803,7,7
1804,14,14
1805,20,7
1806,11,6
1807,3,21
1808,7,7
1809,6,7
1810,21,10
1811,1,11
1812,1,21
1813,14,14
1814,12,12
1815,15,21
1816,21,21
1817,22,22
1818,21,21
1819,10,10
1820,10,10
1821,6,6
1822,22,7
1823,11,11
1824,6,6
1825,21,9
1826,16,7
1827,10,10
1828,6,6
1829,14,14
1830,22,22
1831,9,7
1832,15,13
1833,18,21
1834,10,10
1835,22,21
1836,21,21
1837,10,7
1838,7,10
1839,7,7
1840,12,7
1841,14,21
1842,7,7
1843,20,7
1844,10,10
1845,1,1
1846,9,9
1847,3,2
1848,16,21
1849,10,10
1850,16,21
1851,14,10
1852,14,14
1853,14,7
1854,7,9
1855,13,13
1856,10,21
1857,17,21
1858,14,11
1859,22,14
1860,21,21
1861,3,21
1862,21,15
1863,3,3
1864,1,1
1865,3,21
1866,21,9
1867,3,6
1868,23,12
1869,6,6
1870,16,9
1871,16,2
1872,21,9
1873,12,1
1874,1,11
1875,13,7
1876,10,10
1877,9,9
1878,10,10
1879,10,9
1880,7,7
1881,18,7
1882,21,21
1883,18,8
1884,14,14
1885,15,15
1886,7,7
1887,16,17
1888,21,7
1889,7,7
1890,13,13
1891,6,6
1892,7,20
1893,7,7
1894,9,21
1895,7,7
1896,11,11
1897,7,9
1898,23,23
1899,16,16
1900,16,7
1901,21,21
1902,18,7
1903,3,3
1904,3,7
1905,14,21
1906,14,14
1907,13,10
1908,10,21
1909,22,11
1910,21,21
1911,7,21
1912,11,11
1913,7,7
1914,10,10
1915,7,7
1916,10,10
1917,9,7
1918,10,10
1919,9,7
1920,10,10
1921,21,21
1922,10,10
1923,12,12
1924,14,21
1925,7,21
1926,4,10
1927,21,21
1928,10,10
1929,6,6
1930,10,21
1931,8,7
1932,7,7
1933,10,9
1934,14,9
1935,22,7
1936,23,10
1937,21,7
1938,23,10
1939,3,22
1940,23,23
1941,23,23
1942,14,4
1943,10,10
1944,21,22
1945,15,15
1946,3,6
1947,3,3
1948,15,6
1949,22,3
1950,23,7
1951,12,15
1952,14,10
1953,21,2
1954,6,2
1955,3,23
1956,16,21
1957,17,21
1958,18,15
1959,18,22
1960,18,15
1961,22,22
1962,22,10
1963,1,23
1964,13,2
1965,8,14
1966,16,10
1967,5,11
1968,15,15
1969,2,21
1970,7,7
1971,2,10
1972,14,14
1973,21,11
1974,10,10
1975,9,9
1976,14,14
1977,17,1
1978,7,7
1979,12,10
1980,6,6
1981,10,10
1982,21,9
1983,14,21
1984,16,16
1985,22,0
1986,17,17
1987,5,21
1988,21,11
1989,21,2
1990,5,17
1991,5,6
1992,9,2
1993,16,16
1994,16,16
1995,16,23
1996,10,21
1997,21,21
1998,15,15
1999,21,21
2000,22,22
2001,15,21
2002,21,7
2003,7,7
2004,21,7
2005,4,23
2006,7,7
2007,10,7
2008,11,1
2009,10,10
2010,3,6
2011,22,3
2012,4,21
2013,10,10
2014,2,2
2015,2,10
2016,18,7
2017,21,10
2018,21,21
2019,22,22
2020,16,16
2021,19,21
2022,16,22
2023,16,16
2024,3,3
2025,15,12
2026,1,10
2027,12,22
2028,12,1
2029,12,12
2030,1,22
2031,17,6
2032,4,4
2033,14,14
2034,10,10
2035,10,21
2036,14,14
2037,21,21
2038,2,2
2039,6,4
2040,21,7
2041,14,14
2042,13,21
2043,2,13
2044,18,18
2045,4,6
2046,11,23
2047,13,10
2048,6,21
2049,7,7
2050,6,21
2051,20,23
2052,15,9
2053,14,14
2054,10,10
2055,7,21
2056,10,10
2057,11,1
2058,7,7
2059,1,1
2060,7,9
2061,18,16
2062,7,2
2063,13,7
2064,7,13
2065,9,10
2066,21,21
2067,14,9
2068,11,21
2069,21,7
2070,17,15
2071,14,14
2072,16,16
2073,14,9
2074,22,22
2075,2,3
2076,12,23
2077,13,21
2078,15,15
2079,9,6
2080,21,2
2081,8,8
2082,21,21
2083,8,21
2084,10,7
2085,7,7
2086,10,10
2087,15,7
2088,23,23
2089,23,23
2090,10,10
2091,23,23
2092,17,21
2093,14,14
2094,21,21
2095,20,20
2096,2,21
2097,17,14
2098,13,13
2099,6,21
2100,10,21
2101,14,14
2102,10,10
2103,20,20
2104,16,21
2105,21,2
2106,4,6
2107,2,2
2108,11,7
2109,21,21
2110,9,10
2111,7,7
2112,7,7
2113,7,7
2114,10,10
2115,11,21
2116,1,1
2117,15,15
2118,19,21
2119,21,21
2120,22,10
2121,10,2
2122,4,10
2123,16,16
2124,10,11
2125,2,7
2126,2,2
2127,21,21
2128,4,4
2129,17,10
2130,21,21
2131,22,22
2132,22,21
2133,1,21
2134,21,22
2135,22,7
2136,11,11
2137,6,10
2138,10,7
2139,10,21
2140,21,9
2141,7,10
2142,7,7
2143,10,10
2144,1,21
2145,1,1
2146,1,11
2147,7,7
2148,14,14
2149,10,21
2150,8,21
2151,1,23
2152,5,7
2153,5,21
2154,7,9
2155,14,23
2156,17,17
2157,7,7
2158,21,22
2159,15,9
2160,7,7
2161,11,11
2162,21,12
2163,1,1
2164,1,1
2165,22,22
2166,21,21
2167,22,21
2168,10,10
2169,4,4
2170,10,10
2171,5,7
2172,22,22
2173,12,12
2174,10,9
2175,21,7
2176,22,12
2177,16,21
2178,6,6
2179,18,10
2180,18,21
2181,10,14
2182,22,16
2183,11,23
2184,6,21
2185,16,21
2186,8,8
2187,10,10
2188,21,21
2189,21,2
2190,21,10
2191,17,10
2192,13,21
2193,4,10
2194,4,4
2195,10,10
2196,21,21
2197,17,2
2198,17,17
2199,17,21
2200,22,22
2201,16,7
2202,16,21
2203,14,4
2204,14,5
2205,10,10
2206,16,16
2207,4,9
2208,2,2
2209,9,9
2210,2,2
2211,22,9
2212,10,7
2213,11,11
2214,9,9
2215,22,12
2216,7,11
2217,14,14
2218,20,20
2219,21,21
2220,9,10
2221,21,7
2222,11,21
2223,16,2
2224,11,9
2225,21,21
2226,21,21
2227,10,21
2228,12,16
2229,7,7
2230,7,16
2231,11,7
2232,14,21
2233,1,21
2234,11,7
2235,3,7
2236,20,20
2237,1,21
2238,14,10
2239,17,7
2240,2,21
2241,23,11
2242,23,11
2243,13,13
2244,10,21
2245,4,4
2246,21,21
2247,10,2
2248,10,10
2249,10,10
2250,6,2
2251,10,21
2252,2,2
2253,2,7
2254,5,8
2255,22,21
2256,10,10
2257,13,13
2258,15,15
2259,2,22
2260,17,21
2261,22,15
2262,18,9
2263,10,10
2264,3,12
2265,14,9
2266,6,6
2267,10,10
2268,20,7
2269,14,14
2270,21,11
2271,22,7
2272,10,21
2273,21,21
2274,15,10
2275,13,14
2276,21,21
2277,10,21
2278,16,16
2279,23,21
2280,14,14
2281,21,23
2282,10,10
2283,10,7
2284,10,21
2285,17,7
2286,21,2
2287,15,15
2288,13,13
2289,22,23
2290,22,10
2291,7,7
2292,16,2
2293,18,12
2294,18,15
2295,17,1
2296,15,17
2297,12,12
2298,21,17
2299,18,21
2300,10,10
2301,22,22
2302,18,18
2303,22,2
2304,11,9
2305,10,10
2306,11,9
2307,7,10
2308,5,5
2309,15,18
2310,5,23
2311,5,7
2312,10,10
2313,6,22
2314,10,10
2315,16,2
2316,9,21
2317,10,21
2318,4,4
2319,12,15
2320,14,14
2321,14,14
2322,16,4
2323,2,21
2324,7,7
2325,7,21
2326,17,21
2327,22,7
2328,16,16
2329,3,7
2330,16,22
2331,8,8
2332,22,7
2333,22,22
2334,22,7
2335,4,4
2336,0,2
2337,9,9
2338,21,10
2339,7,18
2340,10,21
2341,5,7
2342,5,10
2343,22,3
2344,5,7
2345,5,21
2346,15,10
2347,2,9
2348,11,7
2349,6,4
2350,21,21
2351,20,8
2352,7,7
2353,21,21
2354,1,1
2355,7,7
2356,7,21
2357,10,21
2358,1,1
2359,6,6
2360,22,21
2361,7,21
2362,21,21
2363,15,15
2364,22,22
2365,19,15
2366,3,3
2367,1,21
2368,10,10
2369,10,10
2370,6,21
2371,2,11
2372,10,10
2373,22,21
2374,7,2
2375,14,10
2376,0,15
2377,6,21
2378,13,10
2379,13,7
2380,6,6
2381,13,7
2382,13,13
2383,13,7
2384,22,20
2385,1,10
2386,16,16
2387,10,10
2388,21,21
2389,22,3
2390,22,7
2391,21,21
2392,17,10
2393,17,21
2394,14,14
2395,21,21
2396,21,21
2397,4,10
2398,10,7
2399,3,10
2400,17,21
2401,22,7
2402,23,1
2403,15,15
2404,4,7
2405,10,10
2406,10,10
2407,2,10
2408,23,23
2409,10,10
2410,7,20
2411,20,20
2412,7,7
2413,11,21
2414,21,10
2415,6,10
2416,16,2
2417,6,11
2418,14,10
2419,1,2
2420,10,10
2421,14,14
2422,9,9
2423,21,7
2424,6,21
2425,17,21
2426,2,9
2427,22,21
2428,22,22
2429,1,1
2430,21,21
2431,17,13
2432,17,14
2433,18,12
2434,21,21
2435,17,21
2436,10,10
2437,17,18
2438,2,22
2439,15,22
2440,9,7
2441,9,9
2442,4,10
2443,9,9
2444,23,2
2445,9,23
2446,2,22
2447,23,23
2448,9,21
2449,13,17
2450,21,21
2451,21,7
2452,17,21
2453,10,10
2454,23,23
2455,22,7
2456,3,10
2457,3,23
2458,3,21
2459,23,22
2460,12,1
2461,2,7
2462,9,22
2463,23,23
2464,4,23
2465,23,3
2466,4,20
2467,22,7
2468,21,21
2469,17,17
2470,10,10
2471,16,16
2472,8,22
2473,23,14
2474,7,7
2475,8,21
2476,14,9
2477,17,21
2478,1,7
2479,23,3
2480,15,13
2481,14,22
2482,2,22
2483,14,10
2484,10,10
2485,21,21
2486,21,21
2487,11,21
2488,22,22
2489,1,1
2490,3,3
2491,8,8
2492,10,10
2493,14,14
2494,4,7
2495,10,10
2496,7,7
2497,14,14
2498,11,23
2499,21,21
2500,14,14
2501,10,10
2502,8,8
2503,7,7
2504,6,6
2505,11,12
2506,7,11
2507,6,6
2508,3,3
2509,7,7
2510,6,8
2511,7,7
2512,4,21
2513,10,22
2514,7,7
2515,15,15
2516,8,12
2517,7,7
2518,22,20
2519,21,21
2520,22,0
2521,2,2
2522,10,21
2523,10,10
2524,15,15
2525,17,17
2526,15,15
2527,23,7
2528,10,10
2529,23,23
2530,3,10
2531,2,23
2532,10,10
2533,10,10
2534,6,10
2535,13,13
2536,7,7
2537,21,7
2538,2,2
2539,2,21
2540,16,2
2541,2,6
2542,5,7
2543,5,21
2544,5,2
2545,1,9
2546,14,21
2547,8,21
2548,12,13
2549,18,21
2550,7,7
2551,1,1
2552,1,1
2553,22,10
2554,22,12
2555,7,7
2556,22,10
2557,11,11
2558,12,12
2559,7,7
2560,20,20
2561,8,21
2562,7,22
2563,12,12
2564,14,10
2565,10,21
2566,10,10
2567,6,11
2568,16,10
2569,14,21
2570,8,3
2571,4,4
2572,1,1
2573,7,10
2574,2,2
2575,11,1
2576,21,21
2577,2,6
2578,20,7
2579,15,15
2580,16,16
2581,15,21
2582,22,22
2583,10,21
2584,3,23
2585,17,10
2586,11,11
2587,9,9
2588,7,7
2589,13,10
2590,13,13
2591,15,7
2592,10,10
2593,7,7
2594,7,7
2595,15,10
2596,3,21
2597,11,11
2598,21,7
2599,23,23
2600,3,22
2601,17,21
2602,22,15
2603,15,0
2604,11,17
2605,2,21
2606,2,9
2607,22,21
2608,17,10
2609,14,14
2610,22,7
2611,7,7
2612,7,9
2613,7,9
2614,6,10
2615,23,7
2616,23,5
2617,4,4
2618,4,6
2619,4,21
2620,2,23
2621,9,16
2622,2,22
2623,10,10
2624,21,21
2625,17,3
2626,11,2
2627,1,10
2628,21,21
2629,6,6
2630,13,21
2631,7,7
2632,7,10
2633,10,7
2634,10,21
2635,10,7
2636,10,21
2637,7,7
2638,11,1
2639,7,7
2640,21,21
2641,10,10
2642,21,17
2643,13,21
2644,12,2
2645,23,5
2646,23,1
2647,3,3
2648,21,21
2649,18,23
2650,19,21
2651,18,15
2652,15,12
2653,1,21
2654,21,21
2655,21,21
2656,15,22
2657,1,21
2658,22,22
2659,22,21
2660,21,10
2661,14,10
2662,4,4
2663,7,7
2664,4,6
2665,22,22
2666,6,6
2667,2,14
2668,6,6
2669,14,14
2670,17,23
2671,7,7
2672,5,7
2673,17,22
2674,18,18
2675,23,23
2676,15,14
2677,7,21
2678,20,20
2679,20,20
2680,22,22
2681,22,22
2682,22,22
2683,22,22
2684,18,21
2685,21,8
2686,9,14
2687,10,10
2688,15,15
2689,8,20
2690,13,13
2691,7,21
2692,7,21
2693,14,10
2694,13,2
2695,7,7
2696,6,23
2697,17,21
2698,6,2
2699,11,21
2700,10,10
2701,7,21
2702,1,21
2703,7,7
2704,1,1
2705,22,10
2706,1,12
2707,14,7
2708,1,1
2709,13,21
2710,22,7
2711,17,7
2712,12,23
2713,4,7
2714,12,12
2715,6,15
2716,10,10
2717,6,15
2718,5,21
2719,4,10
2720,7,7
2721,10,10
2722,7,7
2723,7,7
2724,4,6
2725,21,21
2726,19,19
2727,3,21
2728,19,1
2729,14,14
2730,14,17
2731,10,10
2732,9,7
2733,20,20
2734,22,10
2735,10,10
2736,12,21
2737,14,21
2738,14,14
2739,23,21
2740,7,7
2741,10,10
2742,2,9
2743,7,7
2744,7,7
2745,7,7
2746,7,7
2747,7,21
2748,11,12
2749,20,8
2750,12,7
2751,7,7
2752,10,21
2753,15,15
2754,1,12
2755,14,14
2756,11,3
2757,15,6
2758,12,12
2759,4,10
2760,4,23
2761,6,6
2762,10,10
2763,9,7
2764,22,15
2765,15,14
2766,9,7
2767,9,2
2768,14,21
2769,9,2
2770,9,14
2771,10,10
2772,6,6
2773,15,2
2774,10,10
2775,4,4
2776,10,21
2777,10,10
2778,9,9
2779,21,15
2780,22,22
2781,7,7
2782,7,7
2783,1,7
2784,16,1
2785,7,7
2786,10,7
2787,14,21
2788,11,7
2789,14,10
2790,14,14
2791,7,7
2792,7,7
2793,11,11
2794,11,22
2795,7,7
2796,7,15
2797,7,7
2798,7,7
2799,7,7
2800,21,21
2801,14,23
2802,14,14
2803,14,7
2804,16,22
2805,10,10
2806,22,7
2807,14,10
2808,6,6
2809,21,21
2810,22,10
2811,17,21
2812,17,17
2813,8,10
2814,17,12
2815,17,15
2816,7,7
2817,4,4
2818,15,7
2819,15,7
2820,22,9
2821,2,4
2822,14,14
2823,21,23
2824,10,7
2825,17,21
2826,13,13
2827,3,2
2828,16,16
2829,13,13
2830,7,7
2831,22,10
2832,7,7
2833,10,10
2834,12,15
2835,4,22
2836,21,7
2837,9,21
2838,15,9
2839,23,23
2840,22,21
2841,10,21
2842,21,21
2843,2,13
2844,17,8
2845,10,10
2846,17,21
2847,17,23
2848,14,9
2849,18,18
2850,21,2
2851,22,21
2852,23,10
2853,23,21
2854,15,9
2855,9,14
2856,17,21
2857,17,12
2858,7,10
2859,21,22
2860,7,7
2861,4,4
2862,7,7
2863,7,7
2864,5,2
2865,12,6
2866,2,2
2867,6,6
2868,8,23
2869,6,16
2870,23,9
2871,3,2
2872,22,21
2873,20,16
2874,12,2
2875,7,7
2876,21,21
2877,22,22
2878,18,18
2879,22,9
2880,17,17
2881,11,6
2882,13,21
2883,7,22
2884,11,23
2885,6,2
2886,11,1
2887,14,15
2888,22,18
2889,5,22
2890,10,21
2891,17,2
2892,8,2
2893,22,9
2894,21,21
2895,21,6
2896,17,17
2897,17,22
2898,10,10
2899,17,14
2900,14,21
2901,7,21
2902,7,10
2903,7,7
2904,7,7
2905,7,7
2906,23,7
2907,14,23
2908,23,23
2909,10,10
2910,3,10
2911,0,0
2912,21,21
2913,2,10
2914,22,15
2915,14,6
2916,11,1
2917,11,21
2918,21,2
2919,12,15
2920,12,22
2921,10,10
2922,15,15
2923,10,10
2924,10,10
2925,16,16
2926,14,2
2927,14,14
2928,23,12
2929,21,7
2930,14,14
2931,14,1
2932,14,21
2933,12,21
2934,23,9
2935,23,23
2936,10,10
2937,9,3
2938,23,9
2939,9,23
2940,4,2
2941,9,10
2942,4,9
2943,2,21
2944,9,22
2945,15,21
2946,21,7
2947,15,15
2948,19,19
2949,1,23
2950,10,10
2951,21,10
2952,17,9
2953,10,7
2954,10,10
2955,10,10
2956,10,21
2957,18,15
2958,12,17
2959,22,22
2960,10,10
2961,9,9
2962,2,2
2963,9,7
2964,9,2
2965,7,7
2966,14,14
2967,8,12
2968,11,23
2969,13,14
2970,23,21
2971,12,15
2972,23,7
2973,15,15
2974,21,2
2975,6,6
2976,19,21
2977,16,16
2978,21,13
2979,10,10
2980,4,4
2981,21,7
2982,7,7
2983,6,7
2984,14,14
2985,7,7
2986,9,9
2987,21,10
2988,3,3
2989,6,6
2990,7,7
2991,10,10
2992,4,7
2993,17,10
2994,11,10
2995,13,13
2996,14,14
2997,2,2
2998,14,2
2999,3,9
3000,15,11
3001,11,0
3002,10,14
3003,4,6
3004,15,10
3005,17,2
3006,23,10
3007,10,7
3008,7,9
3009,6,7
3010,18,18
3011,22,22
3012,18,6
3013,2,21
3014,10,9
3015,10,21
3016,7,7
3017,4,4
3018,7,7
3019,13,13
3020,23,12
3021,7,4
3022,23,23
3023,23,4
3024,23,23
3025,22,2
3026,9,7
3027,23,2
3028,16,6
3029,23,23
3030,10,10
3031,7,7
3032,22,22
3033,22,7
3034,16,16
3035,22,22
3036,3,7
3037,17,8
3038,21,21
3039,10,10
3040,14,9
3041,21,10
3042,21,9
3043,17,21
3044,10,21
3045,3,23
3046,2,11
3047,4,15
3048,22,21
3049,23,9
3050,6,6
3051,5,2
3052,10,10
3053,15,12
3054,17,8
3055,21,21
3056,3,22
3057,23,23
3058,16,22
3059,18,8
3060,14,14
3061,7,21
3062,14,19
3063,20,7
3064,5,10
3065,23,21
3066,17,17
3067,15,14
3068,21,21
3069,4,22
3070,7,7
3071,21,21
3072,3,3
3073,3,15
3074,17,13
3075,10,21
3076,21,10
3077,22,22
3078,1,12
3079,7,21
3080,11,7
3081,18,9
3082,16,21
3083,17,17
3084,22,22
3085,21,21
3086,1,7
3087,22,22
3088,15,12
3089,16,16
3090,23,17
3091,3,3
3092,16,16
3093,18,18
3094,2,21
3095,12,1
3096,21,14
3097,22,3
3098,3,21
3099,3,22
3100,15,14
3101,7,7
3102,23,11
3103,22,7
3104,7,21
3105,1,1
3106,1,10
3107,1,1
3108,11,14
3109,0,23
3110,21,9
3111,21,21
3112,13,13
3113,16,7
3114,10,10
3115,17,15
3116,10,10
3117,15,7
3118,14,9
3119,8,8
3120,12,8
3121,17,17
3122,16,16
3123,14,10
3124,6,6
3125,6,2
3126,15,15
3127,16,16
3128,21,7
3129,1,1
3130,6,7
3131,6,6
3132,7,10
3133,7,7
3134,14,14
3135,6,7
3136,17,16
3137,0,2
3138,0,18
3139,13,13
3140,17,21
3141,9,21
3142,10,10
3143,13,21
3144,7,7
3145,14,10
3146,10,10
3147,15,9
3148,21,21
3149,3,3
3150,5,7
3151,14,23
3152,1,1
3153,14,10
3154,22,21
3155,13,13
3156,10,10
3157,6,6
3158,21,21
3159,17,17
3160,21,12
3161,11,11
3162,23,23
3163,15,22
3164,14,14
3165,9,4
3166,23,9
3167,10,21
3168,10,10
3169,13,21
3170,6,21
3171,7,7
3172,7,7
3173,20,20
3174,7,10
3175,7,7
3176,7,7
3177,21,10
3178,11,8
3179,11,23
3180,15,15
3181,3,12
3182,23,10
3183,16,9
3184,21,8
3185,10,9
3186,3,11
3187,7,10
3188,8,7
3189,8,7
3190,22,22
3191,21,7
3192,1,3
3193,7,7
3194,3,7
3195,10,10
3196,22,7
3197,4,10
3198,6,23
3199,10,13
3200,21,2
3201,11,1
3202,22,4
3203,6,21
3204,15,12
3205,2,9
3206,0,12
3207,23,23
3208,20,7
3209,10,10
3210,6,6
3211,20,20
3212,13,13
3213,21,10
3214,23,23
3215,7,7
3216,15,2
3217,19,21
3218,1,22
3219,1,22
3220,22,22
3221,15,15
3222,1,12
3223,10,10
3224,14,3
3225,16,23
3226,16,2
3227,10,7
3228,10,10
3229,10,7
3230,14,14
3231,10,10
3232,21,21
3233,10,10
3234,4,6
3235,8,8
3236,3,2
3237,2,9
3238,2,1
3239,2,10
3240,17,10
3241,21,21
3242,10,23
3243,14,9
3244,2,10
3245,5,9
3246,7,21
3247,11,9
3248,17,17
3249,1,12
3250,4,21
3251,17,17
3252,10,10
3253,16,7
3254,17,17
3255,13,21
3256,12,23
3257,10,10
3258,22,9
3259,22,21
3260,23,9
3261,17,4
3262,7,2
3263,2,10
3264,16,16
3265,17,2
3266,14,14
3267,3,14
3268,9,10
3269,8,21
3270,10,10
3271,9,21
3272,9,23
3273,4,2
3274,23,23
3275,14,14
3276,3,3
3277,22,21
3278,4,3
3279,9,2
3280,17,6
3281,0,21
3282,4,4
3283,1,23
3284,18,7
3285,10,10
3286,23,4
3287,23,23
3288,21,2
3289,22,21
3290,22,7
3291,12,1
3292,1,17
3293,16,20
3294,21,22
3295,10,3
3296,6,6
3297,10,10
3298,7,7
3299,1,11
3300,21,21
3301,7,7
3302,14,14
3303,9,22
3304,14,14
3305,4,21
3306,11,23
3307,14,14
3308,14,15
3309,6,6
3310,21,8
3311,7,7
3312,0,13
3313,14,14
3314,7,7
3315,14,14
3316,12,23
3317,21,2
3318,8,13
3319,10,10
3320,8,8
3321,4,21
3322,14,14
3323,1,21
3324,10,7
3325,9,2
3326,23,23
3327,23,22
3328,9,2
3329,21,20
3330,21,21
3331,9,23
3332,23,10
3333,4,4
3334,12,9
3335,16,16
3336,10,22
3337,14,17
3338,13,13
3339,10,10
3340,14,2
3341,7,21
3342,7,7
3343,14,8
3344,8,7
3345,10,2
3346,6,9
3347,1,7
3348,2,10
3349,2,2
3350,10,21
3351,21,2
3352,20,21
3353,10,10
3354,5,7
3355,6,6
3356,21,15
3357,21,10
3358,21,21
3359,17,21
3360,1,23
3361,21,21
3362,22,7
3363,21,21
3364,1,1
3365,10,10
3366,22,21
3367,17,2
3368,18,18
3369,22,7
3370,3,22
3371,15,10
3372,6,6
3373,16,2
3374,18,7
3375,21,10
3376,0,15
3377,10,10
3378,6,21
3379,21,21
3380,11,23
3381,21,10
3382,14,14
3383,2,21
3384,22,7
3385,15,4
3386,4,23
3387,22,21
3388,4,10
3389,22,21
3390,14,14
3391,7,7
3392,16,16
3393,16,16
3394,10,10
3395,14,14
3396,20,10
3397,14,2
3398,14,14
3399,8,7
3400,21,21
3401,18,18
3402,10,4
3403,8,12
3404,22,5
3405,6,6
3406,10,21
3407,13,13
3408,9,9
3409,23,13
3410,12,12
3411,21,21
3412,14,21
3413,7,7
3414,15,12
3415,15,2
3416,4,4
3417,4,4
3418,22,2
3419,22,7
3420,15,15
3421,21,10
3422,21,21
3423,19,14
3424,3,22
3425,23,23
3426,18,18
3427,18,15
3428,18,15
3429,19,19
3430,18,15
3431,16,23
3432,16,16
3433,16,16
3434,1,3
3435,15,12
3436,22,22
3437,7,7
3438,12,12
3439,10,10
3440,12,23
3441,10,10
3442,15,15
3443,22,21
3444,15,3
3445,3,21
3446,22,10
3447,10,23
3448,17,21
3449,3,18
3450,8,21
3451,15,0
3452,21,21
3453,17,21
3454,14,14
3455,10,7
3456,10,10
3457,20,7
3458,21,2
3459,23,14
3460,0,15
3461,21,21
3462,10,21
3463,3,10
3464,1,16
3465,20,17
3466,14,14
3467,7,7
3468,16,16
3469,9,9
3470,11,10
3471,4,4
3472,7,10
3473,22,2
3474,14,14
3475,9,9
3476,14,21
3477,23,3
3478,12,12
3479,16,16
3480,22,22
3481,16,16
3482,5,5
3483,21,21
3484,5,7
3485,17,12
3486,5,7
3487,4,10
3488,9,21
3489,18,2
3490,14,2
3491,16,8
3492,7,21
3493,8,2
3494,2,13
3495,6,10
3496,22,21
3497,11,21
3498,7,7
3499,7,7
3500,7,21
3501,7,7
3502,7,7
3503,7,7
3504,14,7
3505,11,7
3506,7,7
3507,7,7
3508,7,7
3509,23,1
3510,22,22
3511,11,7
3512,7,21
3513,7,7
3514,15,10
3515,7,21
3516,3,3
3517,7,7
3518,18,7
3519,7,7
3520,10,10
3521,2,10
3522,21,22
3523,6,14
3524,21,7
3525,23,9
3526,16,21
3527,15,15
3528,21,7
3529,11,22
3530,2,21
3531,8,8
3532,14,14
3533,14,10
3534,2,9
3535,4,4
3536,10,21
3537,21,17
3538,21,7
3539,18,21
3540,10,10
3541,1,1
3542,10,10
3543,1,1
3544,6,6
3545,12,21
3546,14,23
3547,14,14
3548,16,16
3549,14,2
3550,7,21
3551,14,21
3552,15,15
3553,12,1
3554,14,14
3555,12,15
3556,22,22
3557,18,21
3558,14,14
3559,21,21
3560,7,7
3561,10,10
3562,22,13
3563,13,10
3564,22,22
3565,10,21
3566,13,6
3567,10,10
3568,11,3
3569,10,21
3570,14,2
3571,11,21
3572,13,10
3573,4,4
3574,0,23
3575,17,17
3576,6,21
3577,23,10
3578,23,9
3579,10,10
3580,6,7
3581,23,22
3582,21,10
3583,23,3
3584,22,9
3585,2,10
3586,23,22
3587,3,10
3588,23,21
3589,23,10
3590,13,13
3591,12,21
3592,10,10
3593,2,21
3594,14,14
3595,6,11
3596,10,10
3597,21,21
3598,14,14
3599,7,21
3600,21,10
3601,19,22
3602,6,6
3603,10,21
3604,10,10
3605,12,1
3606,17,12
3607,6,21
3608,14,7
3609,8,8
3610,20,7
3611,21,21
3612,23,6
3613,10,7
3614,4,21
3615,7,7
3616,13,21
3617,7,7
3618,21,21
3619,13,8
3620,11,11
3621,7,7
3622,13,1
3623,22,7
3624,16,16
3625,1,22
3626,6,4
3627,22,3
3628,4,7
3629,4,22
3630,10,7
3631,20,1
3632,7,7
3633,4,4
3634,4,7
3635,8,0
3636,11,10
3637,23,23
3638,10,7
3639,6,21
3640,17,17
3641,9,7
3642,18,7
3643,9,21
3644,13,13
3645,7,7
3646,16,16
3647,2,21
3648,17,17
3649,11,10
3650,11,11
3651,21,21
3652,17,22
3653,17,8
3654,21,21
3655,22,21
3656,22,1
3657,22,22
3658,22,22
3659,22,22
3660,22,22
3661,23,14
3662,13,13
3663,11,11
3664,12,12
3665,20,20
3666,6,6
3667,12,3
3668,12,12
3669,6,6
3670,3,11
3671,7,21
3672,6,6
3673,11,11
3674,7,7
3675,0,17
3676,20,20
3677,5,21
3678,7,7
3679,20,20
3680,11,7
3681,7,7
3682,14,14
3683,16,10
3684,14,21
3685,22,22
3686,14,2
3687,4,21
3688,7,7
3689,3,7
3690,11,21
3691,1,7
3692,6,6
3693,17,17
3694,14,23
3695,1,1
3696,17,10
3697,10,10
3698,10,8
3699,3,3
3700,23,10
3701,22,7
3702,9,10
3703,6,6
3704,0,14
3705,17,15
3706,21,7
3707,10,7
3708,10,10
3709,15,7
3710,14,6
3711,22,22
3712,21,21
3713,11,11
3714,21,2
3715,21,2
3716,22,3
3717,21,21
3718,21,21
3719,12,17
3720,21,21
3721,1,12
3722,10,10
3723,22,22
3724,21,21
3725,5,5
3726,2,2
3727,5,7
3728,13,13
3729,6,6
3730,23,21
3731,16,10
3732,22,21
3733,10,21
3734,18,18
3735,16,22
3736,8,8
3737,17,0
3738,10,10
3739,4,2
3740,10,10
3741,4,23
3742,21,21
3743,17,12
3744,21,22
3745,21,9
3746,4,4
3747,16,16
3748,17,17
3749,16,16
3750,15,15
3751,10,10
3752,23,9
3753,2,21
3754,6,12
3755,17,14
3756,17,21
3757,17,17
3758,10,10
3759,11,21
3760,7,7
3761,6,6
3762,16,16
3763,22,22
3764,16,15
3765,10,10
3766,17,17
3767,17,17
3768,7,10
3769,6,10
3770,15,10
3771,11,11
3772,20,20
3773,4,21
3774,4,23
3775,3,2
3776,13,14
3777,23,23
3778,12,12
3779,2,9
3780,9,9
3781,9,13
3782,22,7
3783,7,4
3784,10,10
3785,10,10
3786,7,7
3787,10,10
3788,3,7
3789,10,10
3790,0,23
3791,10,10
3792,21,7
3793,11,10
3794,13,7
3795,8,8
3796,10,10
3797,1,1
3798,4,21
3799,6,14
3800,21,10
3801,2,14
3802,15,17
3803,2,0
3804,17,17
3805,14,13
3806,7,7
3807,11,11
3808,15,9
3809,9,7
3810,23,23
3811,8,8
3812,8,21
3813,10,21
3814,20,18
3815,1,11
3816,12,15
3817,14,14
3818,23,7
3819,6,4
3820,6,10
3821,15,10
3822,21,9
3823,2,11
3824,14,14
3825,21,10
3826,7,7
3827,6,7
3828,10,10
3829,6,9
3830,10,10
3831,6,6
3832,6,6
3833,6,6
3834,3,3
3835,12,12
3836,7,7
3837,7,9
3838,1,1
3839,7,7
3840,7,7
3841,7,7
3842,14,14
3843,10,7
3844,7,7
3845,7,7
3846,7,7
3847,7,7
3848,14,14
3849,7,7
3850,7,7
3851,7,7
3852,4,21
3853,7,7
3854,6,6
3855,6,6
3856,7,7
3857,14,10
3858,21,7
3859,22,22
3860,18,21
3861,10,10
3862,23,2
3863,4,4
3864,16,16
3865,7,7
3866,7,21
3867,7,7
3868,7,7
3869,7,10
3870,20,21
3871,4,12
3872,2,10
3873,7,10
3874,10,10
3875,7,7
3876,10,10
3877,14,14
3878,7,7
3879,21,9
3880,14,14
3881,21,10
3882,14,14
3883,8,7
3884,14,14
3885,7,7
3886,7,10
3887,6,7
3888,7,7
3889,6,4
3890,14,14
3891,10,10
3892,2,2
3893,11,11
3894,7,2
3895,10,21
3896,22,2
3897,22,7
3898,22,2
3899,22,17
3900,22,10
3901,7,7
3902,16,11
3903,7,4
3904,22,12
3905,21,2
3906,0,7
3907,2,21
3908,14,14
3909,2,10
3910,2,3
3911,2,9
3912,14,14
3913,15,10
3914,23,7
3915,10,10
3916,9,21
3917,9,13
3918,11,2
3919,10,10
3920,8,7
3921,14,14
3922,22,6
3923,17,17
3924,22,22
3925,10,10
3926,14,22
3927,23,23
3928,21,1
3929,22,22
3930,1,1
3931,15,1
3932,16,16
3933,22,15
3934,3,21
3935,3,14
3936,7,7
3937,10,22
3938,10,7
3939,10,2
3940,5,7
3941,5,10
3942,16,7
3943,10,22
3944,9,14
3945,14,10
3946,23,23
3947,21,21
3948,21,14
3949,16,9
3950,1,12
3951,22,22
3952,13,2
3953,2,9
3954,23,2
3955,22,7
3956,9,2
3957,10,7
3958,14,21
3959,20,20
3960,22,22
3961,21,10
3962,20,7
3963,14,14
3964,4,14
3965,17,2
3966,20,18
3967,21,21
3968,3,3
3969,15,23
3970,13,13
3971,22,21
3972,21,21
3973,15,19
3974,9,21
3975,17,1
3976,9,21
3977,6,7
3978,7,6
3979,16,10
3980,21,21
3981,21,21
3982,17,23
3983,4,15
3984,23,22
3985,4,4
3986,13,21
3987,18,7
3988,14,14
3989,7,7
3990,20,20
3991,17,17
3992,7,7
3993,15,2
3994,15,10
3995,9,9
3996,23,23
3997,6,6
3998,18,10
3999,10,21
4000,6,6
4001,5,7
4002,10,10
4003,9,9
4004,23,23
4005,8,8
4006,13,13
4007,1,1
4008,1,23
4009,4,2
4010,21,21
4011,6,22
4012,14,14
4013,2,9
4014,2,3
4015,2,2
4016,22,7
4017,22,21
4018,6,10
4019,4,21
4020,16,14
4021,16,17
4022,21,14
4023,8,16
4024,9,10
4025,21,9
4026,21,21
4027,13,13
4028,11,23
4029,12,20
4030,2,2
4031,14,14
4032,8,7
4033,8,8
4034,7,7
4035,2,6
4036,23,23
4037,3,22
4038,1,1
4039,1,2
4040,16,13
4041,7,7
4042,11,1
4043,9,21
4044,10,10
4045,11,11
4046,21,21
4047,21,10
4048,1,11
4049,16,21
4050,22,22
4051,7,7
4052,17,17
4053,10,7
4054,9,14
4055,2,6
4056,10,9
4057,16,21
4058,21,21
4059,22,21
4060,22,10
4061,16,21
4062,14,2
4063,21,20
4064,20,21
4065,15,12
4066,13,7
4067,9,9
4068,14,15
4069,22,3
4070,22,2
4071,14,21
4072,22,12
4073,3,3
4074,14,21
4075,16,7
4076,16,14
4077,7,20
4078,22,21
4079,7,7
4080,14,23
4081,12,21
4082,4,22
4083,16,21
4084,6,2
4085,9,7
4086,23,2
4087,9,21
4088,10,20
4089,22,21
4090,10,10
4091,22,21
4092,7,7
4093,6,10
4094,7,2
4095,17,16
4096,16,12
4097,22,21
4098,22,10
4099,10,10
4100,21,10
4101,10,10
4102,7,21
4103,3,23
4104,0,23
4105,5,7
4106,6,22
4107,21,2
4108,5,7
4109,1,8
4110,5,23
4111,5,5
4112,5,7
4113,5,10
4114,5,2
4115,5,9
4116,5,7
4117,13,1
4118,16,16
4119,7,9
4120,2,18
4121,21,21
4122,7,7
4123,2,2
4124,2,21
4125,8,12
4126,2,2
4127,21,21
4128,10,10
4129,21,21
4130,13,9
4131,23,9
4132,10,10
4133,1,11
4134,10,10
4135,8,8
4136,21,21
4137,17,17
4138,15,10
4139,10,10
4140,9,22
4141,10,10
4142,7,7
4143,14,17
4144,12,12
4145,13,13
4146,22,21
4147,10,4
4148,17,21
4149,10,21
4150,23,23
4151,10,10
4152,20,21
4153,15,15
4154,19,19
4155,15,15
4156,15,15
4157,15,12
4158,16,16
4159,17,17
4160,15,15
4161,22,8
4162,1,1
4163,16,3
4164,9,21
4165,14,1
4166,1,12
4167,1,21
4168,5,16
4169,20,8
4170,8,8
4171,11,23
4172,21,22
4173,6,7
4174,1,10
4175,0,21
4176,12,23
4177,7,1
4178,7,7
4179,10,10
4180,13,7
4181,21,10
4182,10,10
4183,3,7
4184,3,6
4185,7,7
4186,10,10
4187,11,23
4188,13,9
4189,12,21
4190,14,1
4191,10,10
4192,9,10
4193,23,22
4194,23,23
4195,15,2
4196,9,9
4197,9,21
4198,10,10
4199,8,21
4200,18,20
4201,18,18
4202,10,10
4203,9,7
4204,6,4
4205,18,18
4206,4,4
4207,13,17
4208,8,8
4209,14,14
4210,4,4
4211,7,9
4212,1,21
4213,7,7
4214,21,21
4215,23,2
4216,15,2
4217,9,10
4218,23,23
4219,13,2
4220,10,10
4221,10,10
4222,22,7
4223,23,23
4224,23,23
4225,23,22
4226,22,9
4227,21,21
4228,23,12
4229,14,10
